"ITL3.Region","change_1998_1999","change_1999_2000","change_2000_2001","change_2001_2002","change_2002_2003","change_2003_2004","change_2004_2005","change_2005_2006","change_2006_2007","change_2007_2008","change_2008_2009","change_2009_2010","change_2010_2011","change_2011_2012","change_2012_2013","change_2013_2014","change_2014_2015","change_2015_2016","change_2016_2017","change_2017_2018","change_2018_2019"
"Aberdeen City and Aberdeenshire",0.00848111025443331,0.00735617039964866,0.0159545989934683,0.00670201060318095,0.0117400019089434,0.0140182519522062,0.00563707945597709,0.0112283663993246,0.017602495543672,0.00589022757697456,0.0104198590254367,0.00173063848198282,0.00727186028491387,0.00115413468751803,0.00677521582340728,0.0103040454799249,-0.00706645370504816,0.00233273774071868,0.000267079750013354,0.00691182029267239,0.00657267041238206
"Angus and Dundee City",0.00703794369645043,0.0243389423076923,0.0186388025981361,0.0156164383561644,0.0241596638655462,0.016490278119616,0.0257439773264053,0.0217736448174189,0.0145051194539249,0.00821692686935086,0.00685207577589682,0.000824402308326463,0.0112925993143779,0.00952751312463543,-0.000563168762905951,0.00911078717201166,-0.00573613766730402,0.00172651933701657,0.0138419986495611,0.00842000990589401,0.0118059987236758
"Antrim and Newtownabbey",0.00712719298245614,0.00879461976202794,0.0082046332046332,0.0129091747349009,0.0124832813196612,0.00681721346399659,0.0147540983606557,0.012573673870334,0.00913408841797589,0.00866250866250866,0.0133473832103969,-0.0102115244347192,0.00992204110559887,0.00883152173913043,-0.00731139913592556,0.000657246138678935,0.00093167701863354,0.00390742410580102,0.00976450315910396,0.00687757909215956,0.0105348460291734
"Ards and North Down",0.00791139240506329,0.00971599402092676,0.00351617440225035,0.0174029451137885,0.0191693290734824,0.00842865743527995,0.018724400234055,0.0136686714051394,0.00306122448979592,0.0172668968919586,0.00780487804878049,-0.0153846153846154,0.0106544901065449,0.00869985500241663,-0.00792910447761194,0.0118035882908404,0.00679963735267452,0.00045004500450045,0.00544616673648932,0.00809388911371914,-0.000786163522012579
"Armagh City, Banbridge and Craigavon",0.00852985449071751,0.0104612458392772,0.00892857142857143,0.0158995815899582,0.0149313962873285,0.00797569312571212,0.0177279305354559,0.0139883998635278,0.00825658939345824,0.0123568414707655,0.0141056422569028,-0.0123839009287926,0.0139098881161173,0.00727590221187427,-0.00625533124822292,0.00188526797737678,0.000256147540983607,0.00721931789892955,0.00961313012895662,0.00408533817521562,0.00588235294117647
"Barking & Dagenham and Havering",0.00775324456430137,0.00705959612543096,0.00723821778993084,0.00915982312065698,0.0106629578117756,0.0142333088774762,0.00972104818258664,0.014775654059916,-0.00176589303733602,0.00238635007755638,0.0035778175313059,0.00818728412434438,0.000119431506031291,0.0203003989673785,-0.00165526373868903,0.00219665271966527,0.00610916374561843,0.00871950622122073,0.00378383622780635,-0.00581001258836061,0.00824455766558592
"Barnet",0.0124043828819516,0.0119644924739483,0.0137265813392692,0.0122104507092835,0.0140917683450765,0.0161080377481289,0.0133041164501487,0.015571193292409,-0.00154104791258055,0.00826005861977085,0.00924685071026534,-0.0038017459870459,0.0141227593699077,0.0154591903576575,0.00156777616980222,0.01247231612076,0.000763275542470832,0.00682448283216038,-0.0041599025974026,-0.00081045486779455,0.00313234142521535
"Barnsley, Doncaster and Rotherham",0.00282485875706215,0.0133503598792663,0.0247480403135498,0.0203709660126514,0.0145881876203019,0.0170785230416945,0.00641894946207395,0.0256140350877193,0.0174224741580527,0.00368107769423559,0.018032915977636,0.00244837998857423,-0.00281866583150642,0.015277038838641,-0.00421971626045835,0.00412078152753108,0.0251440189766181,0.00367007919644582,-0.00182344064386318,0.00400789615361608,0.00439444542098787
"Bath and North East Somerset, North Somerset and South Gloucestershire",0.00949212251688032,0.0129967274427302,0.0118228339509441,0.017824573039297,0.0142340358603334,0.0130005200208008,0.000922574693066496,0.0108978752570254,0.00625287961561245,0.0168377566349524,0.00711872586872587,0.0137298362270656,0.00334919795522651,0.00405528901073795,0.00355191256830601,0.00567338282078473,-0.00133504746835443,0.00758717961188658,0.000602242194014639,0.0106310481123075,0.0086613832229007
"Bedford",0.0159689253344842,0.014338385907415,0.0196618167518679,0.0105501130369254,0.0157819225251076,0.0194672131147541,0.0165070980521624,0.0148193887002161,0.00861556743909685,0.0173010380622837,0.0154910096818811,0.0048780487804878,0.00512820512820513,0.00955861681192016,-0.00486749594375338,0.00079428117553614,0.00811010076185795,-0.00513299113392441,0.0120018115942029,0.00946643717728055,0.0102941176470588
"Belfast",0.00536410923276983,0.0135960892147877,0.0130185979971388,0.0179616274323037,0.0266337534104196,0.00855614973262032,0.0204473565295978,0.00970770215489652,0.00190801365736092,0.0160115052732502,0.0143748817855116,-0.0148001508295626,0.0143266475644699,0.00804066543438078,-0.011761512711481,0.00936788653475749,0.0028879639853903,0.0226566334042205,0.0229680612481633,0.00220896841175171,0.00719424460431655
"Berkshire",0.00124157502660518,0.00816797986881729,0.00949748939317271,0.00745840504876649,0.00549954170485793,0.00436696238222956,0.00591360128295079,0.00464440302044169,0.00796500226278473,0.00824706594769169,0.00375392200806813,0.00875409465717836,0.00066386368665634,0.00134468848050202,0.00180781178387737,0.00147190899111865,0.00464448168542016,0.00240885718256358,0.00322959483264827,0.00542463707640612,0.0071053508918153
"Bexley and Greenwich",0.0105448154657293,0.00814971325083006,0.00754388510082693,0.0104122695933587,0.0150923056191888,0.0180868679149153,0.0121502209131075,0.0158803755650864,-0.00295598861396978,0.00418235048097031,0.00387675984492961,0.000758232235701906,0.0083264802631579,0.0125811283075387,0.00372612948299953,0.0043308791684712,0.0051161620397551,0.00514966205342774,0.00949464012251149,0.000685975609756098,0.00926964192270315
"Birmingham",0.0107368138504899,0.00403856175091193,0.01891943368675,0.0120598751590813,0.0248822742863787,0.0210884727332638,0.0217661691542289,0.00766170620303521,0.0111790559908274,0.0130216575484921,0.00733091949398775,0.007811080835604,0.00167032967032967,-0.00283602612581643,0.00792947825720191,-0.00048030739673391,0.013684570646596,0.0101735044948393,0.00914121602689829,0.017529244333368,0.0113386978785662
"Blackburn with Darwen",0.00390407138873397,0.0102315562735595,0.0159659393294305,0.00993723849372385,0.0241975308641975,0.0274223034734918,0.0143916266899259,0.0123931623931624,0.011508425811755,-0.00512416239653134,0.00267175572519084,0.0152165431135388,0.00482733011511326,0.0241528478731074,0.0211714890613973,0.0094054417198522,0.0171188630490956,-0.0027280994240679,0.002322206095791,0.00428326670474015,0.00281214848143982
"Blackpool",0.0052321778940484,0.0139771283354511,0.0266749379652605,0.0113027959547888,0.0313549832026876,0.0377260981912145,0.0207930367504836,0.0191499299392807,0.0126353790613718,-0.00263852242744063,0.00481822163819536,0.0255474452554745,-0.00730240549828179,0.00633981403212172,0.0117498950902224,-0.0056772100567721,0.0165549862041782,0.0273921200750469,0.0431372549019608,0.0249507550886408,0.0176565008025682
"Bournemouth, Christchurch and Poole",0.00358690778657899,0.00410009896790612,0.00754513608191862,0.00851177018220508,0.00599336903851058,0.00768386388583974,0.018786965093355,0.00970017636684303,0.00596421471172962,0.00720757825370675,0.00534971270061423,-0.0010126582278481,0.0045612295488349,0.000579374275782155,0.00343577018514984,0.00967136150234742,-0.00149371759950795,0.004149377593361,0.00622267070299361,0.00228202706956248,0.00807619047619048
"Bradford",0.0127928227280279,0.00283509214049457,0.0212898212898213,0.0114768951978254,0.0205588533371941,0.0214539491664389,0.0153585838865027,0.00631891958865072,0.00356803044719315,0.00809393524851801,0.0149783645844891,0.00604500167916713,0.00562789671154271,0.00410785759427006,0.00631143300569064,0.00565656565656566,0.0104344336309822,-0.00240199846272098,-0.00347222222222222,0.00693756194251734,0.0105337700274409
"Breckland and South Norfolk",0.0186619718309859,0.0116086235489221,0.0123992560446373,0.00503405389398875,0.0162556053811659,0.0170303352847259,0.0190770817220933,0.0174963035978314,0.00867976244860667,-0.000893854748603352,0.00480139676996945,0.00943810359964881,0.00742311770943796,0.0128231223285162,-0.000396118043176867,0.00938158146659008,0.00747084548104956,0.0135256988277728,0.00450919181408255,0.0117174422497489,0.0194837635303913
"Brent",0.00974745237040319,0.00984615384615385,0.0109097993376193,0.00982615268329554,0.0112583984020338,0.0135348918966426,0.011174144748152,0.0146699266503667,-0.00197869101978691,0.00553129548762737,0.00721917412647993,0.0039068369646882,0.00504831963075148,0.0115857063093244,0.00118717847249703,0.00100363818843307,0.00104311543810848,0.00823353293413174,0.0111967128916281,0.00347222222222222,0.000306591722023505
"Bridgend and Neath Port Talbot",0.00925122867880891,0.00623406064040805,0.0179396575156292,0.0211654755360088,0.0168999207816213,0.0201055541593365,0.0111407120368128,0.00625289485873089,0.00904003443822643,0.00879765395894428,0.00760847213654123,0.00664808063478447,0.00540540540540541,0.00446168768186227,0.00745840504876649,0.00381194409148666,-0.000347463516330785,0.0102441522963975,0.00948261520545666,0.00928891736066624,0.0140758873929009
"Brighton and Hove",0.00523127753303965,0.015922735578178,0.0186660029865605,0.0118604651162791,0.00936246098974588,0.0110356536502547,0.01468788249694,0.0192088246481552,0.00863930885529158,0.0177656303382303,0.0104935235284473,0.00578703703703704,0.00533894191878337,0.00764311339884573,0.00563502384048548,0.00935954004546062,0.0249841471147749,0.0055610479485912,0.00173973556019485,-0.00644431882419446,0.0139957264957265
"Bristol, City of",0.0106459502229895,0.0154696132596685,0.0141194927441496,0.0235579842137219,0.0169452181987001,0.0159045725646123,0.00218841183826594,0.0140916463909165,0.00777127506476063,0.0188476998660116,0.0086244070720138,0.0034453781512605,0.00322294738538393,0.00398692289291125,0.00959662947647656,0.0132265134910438,0.000715922107674685,0.00967585873246251,0.00298565587070812,0.00595055518066376,0.00889843510279227
"Bromley",0.00771315405461747,0.00941361051186507,0.00801373783629078,0.00924556213017752,0.0115586690017513,0.0134912800263244,0.0086559647466163,0.0148939371144877,-0.00154083204930663,0.00710360541482375,0.0073795786931437,-0.00401491253226269,0.00487329434697856,0.00544069640914037,-0.004,0.0022927015666794,0.001230012300123,0.01001221001221,0.00826072196446758,0.00640305549314761,0.00371628795922701
"Buckinghamshire CC",0.00228509249183896,0.0104869691620808,0.012039869732557,0.00933777989518818,0.0067908598696889,0.00559734126290012,0.00801655029738816,0.00546180810304068,0.0107791075533011,0.0112435858738304,0.00581226387678001,0.0135387837534595,-0.0025538124771981,0.00278551532033426,0.0033204580876872,0.00295547090503087,0.00380783143999492,-0.00306460691725561,0.00475435816164818,0.00755576876948909,0.0108932461873638
"Caithness and Sutherland and Ross and Cromarty",0.0184049079754601,0.00249584026622296,0.0303756994404476,0.00619674670797831,0.036036036036036,0.0170648464163823,0.0173187940987813,0.0121506682867558,0.00172811059907834,0.0101351351351351,0.00704989154013015,0.00723830734966592,0.00327332242225859,-0.012827090815803,0.0113188976377953,0.0135004821600771,0.000461467466543609,0.00986378581493659,0.0106679035250464,0.00659630606860158,0.000861697544161999
"Calderdale and Kirklees",0.0107943537226681,0.00277667592225307,0.0183212058212058,0.0100946372239748,0.0171505573931153,0.0182905786264811,0.0136518771331058,0.00590001035089535,0.00348432055749129,0.00682464454976303,0.0126279536975031,0.00331966412809998,0.00332984492436495,-0.00256762952773957,-0.000727008360596147,0.00791000175777817,0.0116231480723582,0.0020122281557155,-0.00967029620041118,0.00597754774748506,0.0087211330496058
"Cambridgeshire CC",0.0179622174047693,0.0119713472671965,0.0147774036662926,0.00524770968602686,0.0154284755995304,0.0169246811582578,0.0213029669223023,0.018856806128462,0.00909277363779312,0.000395256916996047,0.00490539593552908,0.00281006514241921,0.00103835817248962,0.011060507482108,0.000622453598913536,0.00664981314574632,0.00307122054540641,0.00563423176488503,0.00738928309273306,0.0108837209302326,0.00662251655629139
"Camden and City of London",0.00558223663693632,0.00334643251872774,0.00575216390928016,0.00486171132238548,0.0084367501741531,0.00375185823167135,0.00685226685054301,0.00299247117125703,0.00139023317201936,0.00103545266281334,0.00448486165210509,0.00286236297198538,0.00517351624716619,0.00423355828478015,0.00325773366646881,0.00700496131204853,0.00372371936696771,0.00513908804129624,0.00361099712761592,0.00258943226187928,0.00356206734323543
"Cardiff and Vale of Glamorgan",0.0129183793305931,0.0228880565959218,0.0184301246353752,0.0087819778541428,0.0223025919228451,0.0123387549074593,0.0169801182160129,-0.00152625152625153,0.0202546296296296,0.00306251125923257,0.0149580445093032,0.00672971989814478,0.010351966873706,-0.00215350159359118,0.00700553926360378,-0.00126073595461351,0.0131287687962751,0.00953366343950928,0.00747937928142038,0.00473186119873817,0.0158550396375991
"Causeway Coast and Glens",0.00813008130081301,0.0097020097020097,0.00507292327203551,0.0169704588309239,0.0155968806238752,0.00780379041248606,0.0172413793103448,0.0127291242362525,0.00520586843350686,0.013869625520111,0.0115580212667591,-0.013902205177373,0.01071761416589,0.00749889722099691,-0.00389273356401384,0.00599828620394173,-0.00167154199749269,0.00750625521267723,-0.00349378881987578,0.00150715900527506,0.0127867619405792
"Central Bedfordshire",0.00886001181334909,0.0107709750566893,0.010971367407011,0.00442593074720125,0.00767706785537395,0.0107193901858028,0.00981996726677578,0.00823686553873553,0.00717079530638853,0.0131133671742809,0.00797382948272337,0.00449967859438611,0.00144062564313645,-0.000992457324335054,-0.0131754821462669,0.00323974082073434,-0.00118623962040332,0.00390497884803124,0.00185070943861814,0.00899871446936152,0.0101234225488837
"Central Hampshire",-0.00377274744784731,0.00674059578169167,0.00288689555624291,0.00836120401337793,0.00585131894484413,0.0132523467697405,0.00757308911588588,0.00784214520617253,0.00842604712041885,0.00697437504897735,0.0153939948178631,0.00982302954704919,-0.000443491758444822,-0.00648795094823898,0.00206896551724138,0.00515982041144542,0.000320553917168868,-0.00133333333333333,0.00556108411871451,-0.000505760044956448,0.00800309084887957
"Central Valleys",0.0107843137254902,0.00864276568501921,0.0192307692307692,0.0274977085242896,0.019551466359977,0.0224534501642935,0.015625,0.00369731328567907,0.00836431226765799,0.0118289353958144,0.00377023730317144,0.00869565217391304,0.00245398773006135,0.00411119812059514,0.00822022557828331,0.00278655025078952,-0.00515280739161336,0.0149094781682641,0.00271508569489225,-0.00148392415498763,0.0096602801481243
"Cheshire East",0.00964039785768936,0.00861943024105186,0.0118143459915612,-0.000365141187925998,0.00904180366369187,0.010890609874153,0.00658833864060613,0.00331434489901605,0.00530018309723427,-0.000940822278671559,0.0066262779250284,0.00522901132952455,-0.000460447555023483,0.00105792118487173,0.00100645810618133,0.0107289107289107,0.00183823529411765,0.00352578228294403,0.00298022216201571,-0.00223652998983395,0.0051789694506359
"Cheshire West and Chester",0.0113014303372771,0.0116968698517298,0.0148717110638993,-0.00151263046437755,0.0118298891883798,0.0106846618866863,0.0075064828715709,0.00406610703043022,0.00714978187106156,-0.000342426663622874,0.0114064104026463,0.0056710775047259,-0.000106723585912487,-0.00307073274036425,0.00010498687664042,0.0088128038897893,0.00589542862665507,0.000773096250483185,0.00271345875542692,0.00287431408413901,0.00421443020903574
"Chorley and West Lancashire",0.00456447318372005,0.00771775082690187,0.0107104605498036,0.00899342787962643,0.0168339268371641,0.0191431175934366,0.010171461784365,0.00919540229885057,0.0103409726103969,-0.00293020777836974,0.0020671834625323,0.0133788037775446,0.00025062656641604,0.00416564567507964,0.00858778625954199,0.0116550116550117,0.00733333333333333,0,-0.00623491552695093,0.0019782393669634,0.00647495715101885
"City of Edinburgh",0.00671538613470275,0.0193250931920738,0.0147422397216372,0.0116768266506396,0.0173267326732673,0.0101158187948981,0.0197979524035528,0.0138932743921692,0.0104823073194377,0.0064312309601715,0.00380336058128974,0.00350447794403961,0.00291234948193783,0.0056469298245614,0.00465651650708942,0.0099601593625498,0.00110805993158934,0.0103228847513552,0.0164880461665293,0.00785830111014095,0.00377433452522845
"Clackmannanshire and Fife",0.00672645739910314,0.0177255526787493,0.0134408602150538,0.0117911285794497,0.016375934496262,0.0106149957877001,0.0232408005164622,0.0147195537651069,0.0118082230758287,0.00805240889859424,0.00446839269286371,0.00609508329947176,0.0103737199095624,0.0150512521084728,-0.000251477429900666,0.0277302711947227,0.00709054980820644,0.00302622730329523,0.0117047794516094,-0.00285110876451954,0.0142797581821972
"Conwy and Denbighshire",0.0125231910946197,0.0113327289211242,0.0234986945169713,0.0342237061769616,0.0206225680933852,0.0238444607483492,0.0187304890738814,0.00399068839374792,0.00762873490146217,0.0106117353308365,0.00648148148148148,0.012588766946417,0.0133457479826195,-0.0073833431777909,0.00844742207981357,0.00789545330792268,0.00577124868835257,0.0125383828045036,0.011015911872705,-0.0104384133611691,-0.000226860254083485
"Cornwall and Isles of Scilly",0.000535714285714286,0.0258576107567661,0.0181641258514434,-0.00462891529085018,0.0124197002141328,0.0172141918528252,0.0166454891994917,0.0237438541791582,0.00560161326462021,0.0117003827227993,-0.0173110811651291,0.00459468329504431,0.00392823017305446,-0.00522755227552276,0.0057648345094921,0.00115030674846626,0.00956537890044577,0.0114660114660115,0.00950261107781868,-0.000724287783679382,0.00294665012406948
"Coventry",0.00850734725444702,0.00454287336740488,0.0142883651883466,0.0115555555555556,0.0198927521190106,0.0182266009852217,0.0188560653676933,0.0058165548098434,0.0100339383207909,0.0123387549074593,0.00754872357946747,0.00628228395923496,0.00885423549623365,0.00215462610899873,-0.00510567561149371,0.00470075670717725,0.00881530853579875,0.00561742386912388,0.012280701754386,0.011386593204775,0.00817488748048131
"Croydon",0.0117235345581802,0.0087073007367716,0.0051004144086707,0.0106712032168265,0.0169797145003757,0.0207602749333707,0.0123241795043537,0.017435249526216,-0.00632141988815949,0.0057277628032345,0.00660893345487694,-0.003743961352657,0.00300372461852697,0.003332936555172,-0.0133000831255195,0.00903954802259887,0.00228571428571429,0.00897226753670473,0.0126478149100257,0.0163967007850542,0.00490936555891239
"Darlington",0.00889679715302491,0.00816326530612245,0.00654307524536532,0.00817577925396014,0.00956022944550669,0.0139200718455321,0.0130197396052079,0.0137672090112641,0.0125506072874494,0.00783505154639175,0.00510604870384918,0.00867768595041322,0.0115860966839792,-0.00462071621101271,-0.00666144200626959,0.0155581485803189,0.0166089965397924,-0.00532800532800533,-0.00381811870878167,0.00766817706517951,0.0127542226818339
"Derby",0.00375146541617819,0.0106335844040762,0.0152833793249841,0.0128309572301426,0.0134952766531714,0.0105967651979922,0.0105354058721934,0.00399297236863121,0.0153680651605963,0.00912354172898594,0.00470909919489594,0.0111501451046281,0.000298018179108926,0.0093890134529148,0.0147324530924253,0.00416051536706482,0.000272405339144647,0.0126548554682297,-0.00277337559429477,0.0158854166666667,0.00806952203600248
"Derry City and Strabane",0.0105680317040951,0.0144563167818982,0.0114803625377644,0.0245757753071972,0.0258426966292135,0.0110497237569061,0.0253411306042885,0.0205632543585159,0.0100292519849561,0.0202479338842975,0.0180722891566265,-0.0190514795297933,0.0171218915613534,0.010546875,-0.0151739452257587,0.00325732899022801,0.000713521227256511,0.0221987315010571,0.00643500643500643,0.0078003120124805,0.00958083832335329
"Devon CC",0.0105337789932138,0.00935300356764054,0.0104049493813273,0.00966576332429991,0.0141060503059143,0.0301889814221653,0.0132499627810034,0.0154241645244216,0.00310202980646031,0.00356859635210151,0.00192826841496336,0.0126507214864598,0.0078436333733949,-0.000370896952463374,0.00210919609497409,0.00214691888128119,0.0100485680790487,0.00364240184262681,0.00197064772079033,0.00678923633480351,0.00553129548762737
"Dudley",0.00764969664996043,0.00305188199389624,0.0135101325994496,0.00886015325670498,0.0176889501493223,0.0160018030200586,0.0165038002171553,0.00589225589225589,0.00812512695510867,0.00997262416894799,0.00602995526162225,0.00639834881320949,0.0138944025406908,-0.0030686612965094,0.00695619477345366,0.00328827183047132,0.00108166576527853,0.000178348492955235,0.0119418483904465,0.0109489051094891,0.00689434022767356
"Dumfries and Galloway",0.00706214689265537,0.0109389243391067,0.02,0.00903490759753593,0.011097899326199,0.0143396226415094,0.0243991260014567,0.00484932455836508,0.00843060959792477,0.0128164049983979,0.00030571690614491,0.000933997509339975,0.0131578947368421,-0.00481347773766546,0.0017579841781424,0.000837754817090198,0,0.0149373166177647,0.00443632567849687,-0.00101163378856854,0.0193260654112983
"Durham CC",0.0132718894009217,0.007703081232493,0.0100442628532516,0.0101989633840495,0.0106012658227848,0.0149740548554485,0.0167520420877752,0.0103420843277645,0.0113607990012484,0.0114544803722706,0.0131518227964928,0.00195043597980725,0.00337990085624155,0.00293288212069938,0.0104063971957498,-0.00766490337903487,0.00752122058665521,-0.00126528890763391,0.00857650873339609,0.00822836245428687,0.0133087235282689
"Ealing",0.0077893175074184,0.00832899531494014,0.00930696360312448,0.00803212851405622,0.00946617008069522,0.0105372514099139,0.0084904302777378,0.0115149833518313,-0.000523628747218222,0.00583850931677019,0.00570083033833189,0.000927766732935719,0.0117406840224604,0.00942587832047986,0.0011706860220089,0.00621531631520533,0.00516262261228704,0.00262952863264511,0.0014018691588785,-0.00229095074455899,0.00706747078778741
"East Ayrshire and North Ayrshire mainland",0.0075642965204236,0.012764405543399,0.0211565585331453,0.00954653937947494,0.0133511348464619,0.0169005102040816,0.0275650842266462,0.00600858369098712,0.0101631452259963,0.0124545926310327,0.000500751126690035,0.00407851134335967,-0.00124843945068664,0.00855955001222793,-0.00542197076850542,0.00207804202262757,0.00538962497192904,0.0179163901791639,0.00536020583190394,-0.000209775540172016,-0.00188323917137476
"East Cumbria",0.00223325062034739,0.0137614678899083,0.000229885057471264,0.0162528216704289,0.00995340957221516,0.00702165008777063,0.0126200791109437,0.0109389243391067,0.0124558155192728,-0.00585556278464541,0.0108645041129908,0.0052531041069723,-0.00218170484650148,0.0155318481330405,0.00560181680545042,0.00524628388225007,0.000419697817571349,0.00656044985941893,0.0050131926121372,0.00359435173299101,0.00937219155218898
"East Derbyshire",0.00348027842227378,0.00986193293885602,0.0160132523467697,0.0119458455003982,0.013582778062532,0.00971357409713574,0.0126491646778043,0.00583744948361024,0.0169638973466725,0.00964562801425875,0.00610500610500611,0.0228272251308901,0.00179856115107914,0.00797045101088647,-0.017170586039567,0.0108455882352941,0.0173592845870594,0.00327546675401245,-0.000158730158730159,0.00768757687576876,0.000885347498893316
"East Dunbartonshire, West Dunbartonshire and Helensburgh and Lomond",0.0104592996816735,0.0153981522217334,0.0241627808393387,0.00641025641025641,0.0143188854489164,0.0173048600883652,0.0280665280665281,0.00162337662337662,0.0126543209876543,0.0116314661769207,-0.00117681671079729,0.00272149984880556,0.0113840623127621,-0.0025706940874036,-0.00453257790368272,0.00579470198675497,0.00661725780836421,0.00494534096824571,0.0130162703379224,0.00948991696322657,0.0036322360953462
"East Kent",-0.00106571936056838,0.00617283950617284,0.0155258764607679,0.0167452446756625,0.0176470588235294,0.0165145588874402,0.00643659271432484,0.0201706749418154,0.0174098196392786,0.0177224284516824,0.00714285714285714,0.0110614262179336,0.000449387709246152,-0.01807097757457,0.00846925972396487,0.00347151317132939,0.0023598820058997,0.00820987071812777,0.00118667275216796,0.00492264416315049,0.0122605363984674
"East Lancashire",0.00428211586901763,0.00598802395209581,0.00851466414380322,0.00904872389791183,0.012920472265538,0.0158896090319883,0.00861378205128205,0.00894941634241245,0.00865475070555033,-0.00216880534971986,0.00179340028694405,0.0135874693338366,0.0046737371921625,0.0024171270718232,0.00690817186183656,-0.000986842105263158,0.0020369790034472,0.00939328611025562,-0.00681258153355559,0.000417130144605117,0.00608025942440211
"East Lothian and Midlothian",0.0082063305978898,0.0187393526405451,0.0139935414424112,0.0114702815432742,0.0152784622966979,0.00835654596100279,0.0208888888888889,0.0149126544524925,0.0116512655685014,0.00963020030816641,0.00487987987987988,0.00116279069767442,0.011671686746988,0.0139985642498205,0.0229924502402196,0.00410483107041364,0.00717488789237668,-0.000286532951289398,0.00913368391918074,0.0100742311770944,0.00937658388241257
"East Merseyside",0.0106847984458475,0.00415576419886101,0.00748055056852184,0.0188516333285365,0.0118278091046624,0.00603570052651856,0.00864336715520481,0.00914745700695207,0.00533121597096189,0.00933738328270897,0.00651395071110629,0.0120730911463998,-0.00690152451586321,0.00344268934791414,-0.0028031561461794,0.00635199843643115,0.00552900384218911,0.00144235103218246,0.00997704396962741,0.00607646214870453,0.0108270175730824
"East Riding of Yorkshire",-0.000471809389006841,0.00988235294117647,0.039485559566787,0.0141630901287554,0.0143027413587604,0.0117165705783894,0.0109679665738162,0.00353238015138772,0.0131934509616913,0.0129337539432177,0.00313234142521535,0.00762739370334307,-0.0026160889470242,0.0062953995157385,-0.0125372198714935,0.010821521109587,0.010673590076446,-0.0197486535008977,-0.00245633187772926,-0.0016856846473029,0.0091403162055336
"East Surrey",0.00196304849884527,0.00705389617546567,0.0084952745035574,0.00541368743615935,0.00464840272970033,0.00534810428803362,0.0073953823953824,0.00973586183542161,0.00447128961405711,0.00886706727246079,0.00595194890034115,-0.00073351426685249,0.00328360339781569,-0.00106179655977915,0.00268258332774462,0.00115185256287195,0.00321077814152606,0.00298678190137265,0.00427186942106605,-0.00184349373847816,0.00704086332828848
"East Sussex CC",0.00196956132497762,0.015426343448042,0.0173983739837398,0.0104426433915212,0.0111573936328474,0.011012585812357,0.0139431121026213,0.0191718812408468,0.00764915859255482,0.020171834142697,0.0132941176470588,0.00379901960784314,-0.000473484848484848,-0.00795389048991355,0.00576036866359447,0.00143662283125207,0.00947567909033481,0.00783211165779697,0.00856245837693845,-0.00268966796512706,0.0109509034495346
"Enfield",0.00996754751970329,0.00871839581517001,0.00876826722338205,0.0104417670682731,0.0122911465335126,0.015850144092219,0.0110440034512511,0.0163636363636364,-0.00293028994447872,0.00247236765561373,0.00449145175311504,-0.00206022187004754,0.00299625468164794,0.0171312427409988,-0.000557802259099149,0.00494850876019794,0.00253710516300901,0.000122115032360484,0.0105425254678986,0.000237812128418549,0.00974393836392477
"Essex Haven Gateway",0.0087890625,0.00710445468509985,0.0116236832546313,0.00889040861685758,0.0166776750330251,0.012070006035003,0.0104381064392826,0.0170212765957447,0.00650847457627119,0.00900548159749413,0.0127567291746396,0.00288071232159225,-0.00299513290902284,0.00670404680643589,-0.00258671369782481,0.00125944584382872,0.00691592824724444,0.0175848749745883,0.00612571859391198,0.00680572741735902,0.00570776255707763
"Essex Thames Gateway",0.00602668962548429,0.00551899808957758,0.00914694770332074,0.0068207654414551,0.0112359550561798,0.0108695652173913,0.00759493670886076,0.0143252482500407,0.00451995012468828,0.00755857898715042,0.0105950653120464,-0.00153609831029186,-0.00361167292689974,0.00969351389878831,-0.000137854976564654,0.0033748701973001,0.00515274199484726,0.00813008130081301,0.0012988546463573,0.000453926463912846,0.0077117990525504
"Falkirk",0.00521512385919166,0.01698606271777,0.0141666666666667,0.0113728675873274,0.0197215777262181,0.0133863965267728,0.0193838698511596,0.0157678965625986,0.00955967555040556,0.00441696113074205,0.00449690837549185,-0.00028169014084507,0.0253307064452575,0.0132085855806274,-0.00594273365748244,0.0133055048265067,-0.00706535452939692,0.00522565320665083,0.0106660346053567,0.0177321511899207,0.00863404914766438
"Fermanagh and Omagh",0.0102362204724409,0.0104321907600596,0.00915492957746479,0.0195417789757412,0.0218790218790219,0.00958083832335329,0.021689497716895,0.0121564482029598,0.00546991546494281,0.0150339476236663,0.0120656370656371,-0.0155155155155155,0.00700350175087544,0.0170316301703163,-0.00919540229885057,0.00802265219443134,-0.00888888888888889,0.003487358326068,0.0066143034311699,-0.00670082774931021,0.00647619047619048
"Flintshire and Wrexham",0.0072855464159812,0.0173370319001387,0.0135459908236836,0.00494304749623899,0.0180634320520899,0.0101391650099404,0.0121626757886735,-0.000914578379367112,0.0147008547008547,0.000668560922614073,0.010853478046374,0.00328785138911721,0.0147905962945664,0.01223549733698,0.00587659157688541,-0.00242816673411574,0.00255961201670484,0.00569653029518384,0.0052790346907994,0.00341380151182638,0.0110800093305342
"Glasgow City",0.00905363853775196,0.0134529147982063,0.0235435918039373,0.00843016632490317,0.0134347087916144,0.0163307852675469,0.0248890603897357,0.00338359254422415,0.00966047115982148,0.0140966783688901,-0.000419199329281073,0.00439851616322205,0.00835894946880224,-0.00155803687353934,-0.0031558586989718,0.0123864574731627,0.0111871607269294,0.0154011796648254,-0.00159904970760234,0.00148588410104012,0.0177327693030808
"Gloucestershire",0.00969030969030969,0.0143628301523038,0.011824480369515,0.0174057552698329,0.0145794707567841,0.0157877865042475,0.00260816201288739,0.0102070788662065,0.00775527789745799,0.0170535291331123,0.00833168022217814,0.0142665773610181,0.000821484992101106,0.00305676855895197,-0.0237807822308064,0.00951757777645589,0.000734131466004066,0.00572699471782041,-0.00342540234884732,0.00360527400082406,0.0103011093502377
"Greater Manchester North East",0.00737571913261543,0.0068800898623982,0.0185792349726776,0.00867964229352972,0.00201030280185953,0.0142093757590479,0.0137257182738164,0.00858416945373467,0.0156749840051184,0.00286064568859828,0.0101153145862836,0.00707474623192864,0.00591300861896172,0.0105913503971756,-0.00131098417454818,0.00452284034373587,0.0115055297895112,0.016432322547857,0.00420931000330142,0.00286191271166229,0.00983657346448765
"Greater Manchester North West",0.00981132075471698,0.006366661843438,0.021699049780173,0.00918422474338196,0.00208604954367666,0.0140932900972811,0.0152095808383234,0.00925714285714286,0.0167810831426392,0.00272251308900524,0.0119785646737417,0.00801096236955834,-0.000206206825445922,-0.00395256916996047,0.0112656739811912,0.00185408361917122,0.0285996942171059,0.0143163309044149,0.0104860186418109,0.00628322861285645,0.00233772305774176
"Greater Manchester South East",0.00919719407638348,0.00622406639004149,0.0187491054816087,0.00857063865081559,0.00119331742243437,0.0139877924720244,0.0162721893491124,0.00907697748438053,0.0163712317940612,0.00183110728134425,0.0126010710910427,0.00407693915952331,-0.0032071177322574,-0.00123545763409863,-0.00182426269382791,0.0110160322612373,0.0118152524167562,0.00911183579512756,0.00968992248062015,0.00945114020636435,0.00989434848230756
"Greater Manchester South West",0.00590876861262113,0.00476622787108488,0.012649873501265,0.00666111573688593,0.00168200257247452,0.0100895803866101,0.0109781337172681,0.00587084148727984,0.0111281348278365,0.00236767738486214,0.00753977229887657,0.00565144340919505,-0.00316265060240964,0.00325540100621486,0.00875088214537756,0.00151186485242884,0.0125340254478698,0.0111810350094703,0.00269170953463333,0.0123392723288935,0.010077059869591
"Gwent Valleys",0.0113768961493582,0.00835253456221198,0.0216735253772291,0.0243638332430969,0.0181912681912682,0.0204736063147509,0.0145539906103286,0.00629072118625028,0.00663101604278075,0.00591465990705534,0.00948966680725432,-0.000216825672159584,0.0102125885785744,0.00176090784582274,0.00748704165866769,0.00275633958103638,-0.00268336314847943,-0.00380754586362063,0.00202156334231806,0.00535801266439357,0.00941212775806203
"Gwynedd",0.0122501611863314,0.00705580500320718,0.0205351586807716,0.0229053646775166,0.0184049079754601,0.0207253886010363,0.0133597229094508,0.00463177396943029,0.00905172413793104,0.00843170320404722,0.0066750104297038,0.000434404865334492,0.0172786177105832,0.0160295930949445,0.0146520146520147,0.0015600624024961,-0.00499231950844854,0.012873911397198,0.014986886474335,0.00215672178289001,0.0106194690265487
"Hackney and Newham",0.0181758096497026,0.010289990645463,0.0179736193651254,0.0124861265260821,0.0252842809364549,0.00950329447541814,0.0237076866674814,0.00664071444927868,0.00428901352688882,0.00194811852763252,0.013415589502546,0.013002600520104,0.00840256797583082,0.0142222222222222,-0.00992824962456199,0.013305954825462,0.00784881505753258,0.0115403913697943,0.00775668503776281,0.0032812198417294,0.00804889857177439
"Haringey and Islington",0.0104823936495013,0.00627534273025681,0.0105429625724829,0.00741371964209629,0.0153947476743229,0.005390625,0.0144188110026619,0.00387972841901067,0.00232542688193476,0.000784550392275196,0.00750880840986542,0.00786108177871641,0.00335927439673031,0.00658139164587867,-0.000310671568373634,0.00723291955820545,0,-0.00344151600958397,-0.00693701023423115,-0.00241791804530415,0.00320616883116883
"Harrow and Hillingdon",0.00748502994011976,0.00740040938434892,0.0084470925409156,0.00779844031193761,0.00890705994013288,0.0103950103950104,0.00878604963112005,0.0104786545924968,-0.00116750645200934,0.00543796047245936,0.00545117142194386,-0.00176533635962424,0.00691271940370281,0.00570901332103108,0.00815202113903413,0.00470890410958904,-0.00204818102018921,0.00512991022657104,0.00630322860029832,0.000415244071237427,0.00708456640660031
"Hartlepool and Stockton-on-Tees",0.010498687664042,0.00800200050012503,0.00825844061209619,0.0108590733590734,0.00845714285714286,0.013053712818318,0.0136903563519227,0.00975419430355053,0.011611030478955,0.00654833706703429,0.00915719857554689,0.00613598673300166,0.00918183308739138,-0.00129533678756477,-0.006957928802589,0.00282485875706215,0.0013833384568091,0.00815256951521328,-0.000141242937853107,0.00714796283059328,0.00925925925925926
"Heart of Essex",0.00842020850040096,0.00595120015869867,0.01106111736033,0.00873973081629086,0.0154106689246401,0.0125756870051234,0.00850934508433369,0.0137728937728938,0.0057713963963964,0.0112419700214133,0.0141427618412275,-0.00256514108275955,-0.00223009313918405,0.00719979429159167,-0.0102104345660565,-0.00231031128404669,-0.000993267851230548,0.0108165429480382,0.00418979784225411,0.00167934406796404,0.00873362445414847
"Herefordshire, County of",0.00417536534446764,0.0075098814229249,0.0109227871939736,0.00409683426443203,0.0099009900990099,0.0154162384378212,0.0117281821317696,0.00638655462184874,0.00256986829424992,0.00723725613593455,0.00959232613908873,0.001875,0.00794378246257256,0.00805291918320391,0.00221668052091992,-0.00186616902159424,-0.0114885114885115,-0.00293542074363992,0.00287907869481766,0.011528706479133,0.00625
"Hertfordshire",0.00725069527214938,0.00801902186582125,0.00863902179691653,0.0045119822925978,0.00765734408910364,0.00981377018777529,0.00871855754247978,0.00704714295632854,0.00527376553577427,0.00884700451966535,0.00688024080842829,6.41005095990513e-05,-0.00150834403080873,0.00294322425469966,0.00343170899107756,0.00326816457543041,0.00825391653769922,0.000466611364579013,0.00298000197024924,0.00337674867342016,0.00821143318675402
"Hounslow and Richmond upon Thames",0.00627389471620429,0.00658556663312906,0.00697753573859769,0.00625359993417263,0.00753930060956047,0.00823428882156452,0.00718445133479543,0.00816443457709661,-0.000452313259240114,0.00474161214813036,0.00370391805081313,0,0.00308247062928929,0.00775978407557355,-0.00344349077452845,0.00246702723218522,-0.00176491351923756,0.00502533606934964,0.00555489894811488,0.00618659698739625,0.00663642158149301
"Inverclyde, East Renfrewshire and Renfrewshire",0.007056681083542,0.0111161524500907,0.0181975736568458,0.00689079139695135,0.0101492537313433,0.0130543290458821,0.0188610808850199,0.00368679775280899,0.00750625521267723,0.0119207521826729,-0.000795544948289578,0.00213710340292619,0.00490516677567037,0.00972396486825596,0.000464540105295757,0.00732108172717765,0.00807462063204789,0.00608190295985944,0.000270709258256632,0.00829928498467824,0.00213219616204691
"Inverness and Nairn and Moray, Badenoch and Strathspey",0.015552099533437,0.00299177262528048,0.0269090909090909,0.00456300456300456,0.0310686241037897,0.0148124803025528,0.0176522506619594,0.00885200553250346,0.00364298724954463,0.00942928039702233,0.00647548566142461,0.00350221807144525,0.00638766519823789,-0.0114559466777755,0.0066156708703742,0.0081537565521258,0.00473484848484848,0.00643382352941176,0.0148820326678766,0.0101471334348047,0.00545454545454545
"Isle of Anglesey",0.00890207715133531,0.00441176470588235,0.0128755364806867,0.0124137931034483,0.0104712041884817,0.0108433734939759,0.00770925110132159,0.00320855614973262,0.00506072874493927,0.00393313667649951,0.00595829195630586,0.00105263157894737,0.00734522560335782,0.00700700700700701,-0.00673724735322425,-0.00770712909441233,-0.00474833808167141,0.0199818346957312,0.00852514919011083,0.0148883374689826,0.00918836140888208
"Isle of Wight",-0.0062111801242236,0.0106100795755968,0.0082382762991128,0.016,0.0126436781609195,0.0208562019758507,0.0124416796267496,0.0134932533733133,0.0113314447592068,0.00969976905311778,0.0279131590607,0.0173754000914495,0.00830056793359546,-0.0204849498327759,0.0306451612903226,0.0271084337349398,0.0205479452054795,-0.017794836008374,0.0139567341242149,0.0173854898027416,0.00720602685882738
"Kensington & Chelsea and Hammersmith & Fulham",0.0119018100669477,0.00746697300402068,0.0135019288469781,0.0112164780258999,0.0200728131457247,0.00931940129906806,0.0152719478431723,0.00856440261171882,0.00353618421052632,0.000224534091759599,0.0108024691358025,0.00759139150943396,0.0129916482261403,0.0128265712549787,-0.00235890782567671,0.00403269754768392,0.00958979766029021,0.00120325359772826,0.0080311628354333,0.00801445381265635,0.00453404939032443
"Kent Thames Gateway",-0.000799360511590727,0.00481974166184693,0.00948047023132347,0.00983248361252731,0.0108117384588982,0.00940032414910859,0.00440459336164858,0.0134803921568627,0.00948081264108352,0.0121898127993034,0.00398132894014278,0.0101173020527859,0.00376306620209059,-0.00861604738826064,0.00211864406779661,0.00868898543317148,0.00107578293091083,0.00530953456845911,-0.00115534082554354,0.00274783343901923,0.00900071596604275
"Kingston upon Hull, City of",0,0.0122716894977169,0.0412035782054757,0.016580310880829,0.0190683079893797,0.0148414661569597,0.0116432337434095,0.00315590153587208,0.0154846109730453,0.00917599559552211,0.00371308016877637,0,0.0152804306303178,0.00803427959292983,-0.00630472854640981,0.00535590877677954,0.00291745323494079,-0.00621727748691099,0.00735179102142969,0.0104245354283124,0.0087514585764294
"Lambeth",0.0192307692307692,0.0109051254089422,0.0191954598564513,0.0166405023547881,0.0304700658398408,0.0107448816611006,0.0204646017699115,0.0100803879035345,0.00430557264116127,-0.00600043639537421,0.012796697626419,0.0147907269484947,0.00281307595305073,0.0197198673055658,-0.0079684841973319,0.0111592732638569,0.00574523965856861,0.00922583233052547,0.00926483880686954,0.0109409190371991,0.00848884010245152
"Lancaster and Wyre",0.00542103361040838,0.00874737578726382,0.011963406052076,0.0130763936682725,0.0176112712135767,0.0220417633410673,0.010989010989011,0.0117218025527481,0.010853478046374,-0.00381224684298308,0.00164088138771683,0.0167981674726393,0.00199950012496876,0.00803115113166221,0.00648148148148148,0.00395083406496927,0,0.0122950819672131,-0.00388198757763975,0.00270793036750484,0.0115931189229619
"Leeds",0.0115286719568798,0.00134010438707857,0.0164865234642222,0.010172402404386,0.0157990810096305,0.0166985562706558,0.0111862926988977,0.0045845856044012,0.00299300024137099,0.00520526863712488,0.0116161616161616,0.00546195149046473,0.0004535764503107,0.00829582561115524,0.00504664970313825,0.00788637020521078,0.00192323102812725,0.00145822940250969,0.00264930739535236,0.00981220829811473,0.010146834741654
"Leicester",0.0191846522781775,0.00185916802231002,0.0190602836879433,0.0101930166991976,0.0202147820593809,0.0272511848341232,0.0183401259725824,0.0178761061946903,0.00544824170381377,0.0281734230709031,0.0141165755919854,0.0180262755881454,0.00478053020425902,0.00848056537102473,0.00681013347861618,0.0236421725239617,0.00204425204425204,0.0135569852941176,-0.00383015977237908,-0.00109637101195044,0.0156430446194226
"Leicestershire CC and Rutland",0.0117234468937876,0.00185383939896575,0.00702273147292552,0.00653419262441819,0.00728176132956395,0.0143925383935033,0.00911877394636015,0.00883912787271656,0.00405805076002476,0.0127405266960005,0.00410094637223975,0.0100122731089723,-0.00488106271238801,0.000435974090682611,-0.00730189130955231,0.00561337855221612,0.00632450887110315,0.00430640038757603,0.00224965993512609,0.00572202981478693,0.0060235111240649
"Lewisham and Southwark",0.0157158234660926,0.00919749343036184,0.0154838709677419,0.0111160123511248,0.0217988328184003,0.00822743564679049,0.0199721319089642,0.00615560804523656,0.00342207925535555,0.000998751560549313,0.0114915010773282,0.00896155010596427,0.0166296486132468,0.0118229166666667,-0.00162393582992963,0.00747305389221557,0.00576977202364199,0.00840224649537876,0.00628316705582679,-0.00353632961881656,0.00545834623722515
"Lincolnshire",0.00473260766682442,0.0115620302925194,0.0185430463576159,0.0112336390806967,0.0105170902716915,0.00468922397940419,0.0115682433062786,0.0204814947897952,0.0113683858563905,0.015865422945069,0.00662907650106675,0.00516634050880626,-0.00105612552806276,-0.0019057392069193,0.0060915143788072,0.00354918636576709,0.00643128175445366,-0.00442226293511909,0.00952082680864391,0.00482551638910139,0.00363202996424721
"Lisburn and Castlereagh",0.0066626287098728,0.0137064534551685,0.0144076840981857,0.0186963112683173,0.025440313111546,0.0100963744837081,0.0209915140687807,0.0143278550358196,0.00790513833992095,0.013348588863463,0.0179320869896986,-0.0151515151515152,0.0149139579349904,0.0140117994100295,-0.00916784203102962,0.00305914343983685,0.0075707702435813,0.0217665615141956,0.0078907435508346,0.000589796520200531,0.00926966292134832
"Liverpool",0.0198850396147274,0.00722820474996312,0.0157679853582993,0.0389420520999468,0.0237916353618833,0.0120712996389892,0.015748031496063,0.0178768705433363,0.00894586369086046,0.0169104204753199,0.0138200782268579,8.34515563715263e-05,-0.00918333879960643,0.00712319896389833,-0.00368007850834151,0.00159757169102963,0.00585150847328824,0.0131137769167722,0.0106691827551169,0.0130249110320285,0.0179164360819037
"Lochaber, Skye and Lochalsh, Arran and Cumbrae and Argyll and Bute",0.0223592906707787,0.0100574712643678,0.032616238723109,-0.00194678780012979,0.0380228136882129,0.0189437428243398,0.0176187933796049,0.00790513833992095,0.0084985835694051,0.0107376283846872,0.006765899864682,0.00137362637362637,0.00597426470588235,-0.0210196779964222,-0.00218150087260035,0.00600600600600601,0.00335429769392034,0.00699876492383697,0.00918163672654691,0.00889547813194959,0.0044362292051756
"Luton",0.00886524822695036,0.00938833570412518,0.0103338632750397,0.006379178361827,0.0105677070533301,0.0126760563380282,0.0113741875580316,0.00935412026726058,0.00634383590611123,0.0110775427995972,0.00947958986264268,0.000409332787556283,0.00440264158495097,0.000395726157499011,0.0119904076738609,0.00383281620733711,-0.00434637245068539,0.0020703933747412,0.00758044554455446,0.00514630201440965,0.00675870002876043
"Manchester",0.00881197579360866,0.00852445707326974,0.0218460932887227,0.010819732257473,0.00302088727774901,0.0172807303553962,0.0172047900560861,0.00948433328649712,0.0172334709389948,0.00343726982568132,0.0107722101186153,0.00967129464815474,-0.00591580035609672,0.013045688145931,-0.00465439760325273,0.0108474576271186,0.0104785190359762,0.00401012078101876,0.0174546763237213,0.00830944368274544,0.0138074145017758
"Medway",0.000345184673800483,0.0106951871657754,0.0194206714944042,0.0170777988614801,0.0211372432271509,0.0154277699859748,0.00693333333333333,0.0239114019632519,0.0119645848289064,0.0186635944700461,0.00219106047326906,0.0180627681192143,0.00663669449796617,-0.00330578512396694,-0.00427932308889321,-0.00599475458973398,0.00456370938298649,0.0132508833922261,0.00421585160202361,0.0124273724983861,0.00712515489467162
"Merton, Kingston upon Thames and Sutton",0.00907983612003101,0.0097652191980054,0.00830367734282325,0.0101224332401427,0.0118387672648689,0.0155858115370835,0.0105770057614584,0.016082711085583,-0.00194658568870202,0.00697145373156234,0.00757355083017769,-0.00734834271419637,0.00988593155893536,0.010402734433051,-0.000281254394599916,0.00747384155455904,0.000832,0.00515820595080833,0.00118126513495954,-0.000468685921846623,0.00766728624535316
"Mid and East Antrim",0.00411334552102377,0.00479094076655052,0.00321414222579349,0.00787075393537697,0.00833995234312947,0.00384172109104879,0.00945798472171699,0.00540735400144196,0.0020442930153322,0.0087248322147651,0.00614687803299903,-0.00663850331925166,0.00584615384615385,0.008309364014062,-0.000862316757688991,0.00292825768667643,-0.000297707651086633,0.0067842605156038,0.00520984081041968,0.00530255770430443,0.0039313795568263
"Mid Kent",-0.00432020330368488,0.00711481844946025,0.0130703422053232,0.0141908903639277,0.0175169695642654,0.0143929912390488,0.0119308013521575,0.0182159624413146,0.0167438546490916,0.0169836956521739,0.006957928802589,0.0155879362927821,0.00740740740740741,-0.0211475664748873,-0.0016988416988417,0.00356718192627824,0.00674062631652858,0.00925056978147205,-0.00323289796974007,0.00803616273229533,0.0177245508982036
"Mid Lancashire",0.00939029228937971,0.00691128424227193,0.0130497825036249,0.00500815280689495,0.0177896375361352,0.0204918032786885,0.0106936416184971,0.00822276210054195,0.00918357975939021,0.00174489617867737,-8.73057447180024e-05,0.0136091954022988,0.0029681597409606,0.00869488845951168,-0.0183423330761978,-0.00127258844489692,0.00279283719402004,0.0107793718495541,-0.000953708458660406,0.00514828511347981,0.0105963168664133
"Mid Ulster",0.00730337078651685,0.00683131897004729,0.00387409200968523,0.0126641651031895,0.014148790506618,0.00709812108559499,0.0125506072874494,0.0076103500761035,0.00177367860943597,0.00816604287172508,0.00490883590462833,-0.00952380952380952,0.00288912964969303,0.00526131182041389,-0.00581196581196581,-0.00287631831255992,-0.00730371272063299,0.00293169158604515,0.00508762012436405,0.00136911281489595,0.0031055900621118
"Milton Keynes",0.00232641374373658,0.00996392372444597,0.0119239445697712,0.00927897779129906,0.00638569604086846,0.00511140235910878,0.00673000791765637,0.00527704485488127,0.00981783770995978,0.0107223476297968,0.00538165842943438,0.0135211267605634,0.00171287870677658,0.000616079679638567,0.00741179958493922,0.00698401029222569,0.0156636438582028,0.00134248210023866,0.00626772123563647,0.00762611068355139,0.00969906330963928
"Monmouthshire and Newport",0.00900377577693872,0.0278318953520735,0.0193514644351464,0.00587634133878385,0.0277709510936348,0.0146486610208286,0.0165002171081198,-0.000209511837418814,0.0193982581155978,-0.000191168036704263,0.0150390625,-0.000797607178464606,0.00520231213872832,0.00537037037037037,0.00521395181589356,-0.00126217093400649,0.0122102282781809,0.0103812117086453,0.00225442834138486,0.00594772264830177,0.0124728063814358
"Na h-Eileanan Siar",0.0261437908496732,0.00914634146341463,0.0388059701492537,0.00276243093922652,0.046070460704607,0.0222222222222222,0.0205949656750572,0.0107296137339056,0.00826446280991736,0.0140845070422535,0.00763358778625954,0.0115163147792706,0.0128440366972477,-0.0280701754385965,0,0.0053475935828877,0.00687285223367698,0.0105263157894737,0.034965034965035,-0.00676818950930626,0.014827018121911
"Newry, Mourne and Down",0.0102498398462524,0.00900900900900901,0.00674536256323777,0.0160427807486631,0.014336917562724,0.00865800865800866,0.0161290322580645,0.010827197921178,0.00604107933950866,0.0101325019485581,0.0099009900990099,-0.0102726195179771,0.00858704137392662,0.00888230940044412,-0.00388280974232263,-0.00201816347124117,-0.00442757748260595,0.00459136822773186,0.0089959373186303,0.00729517396184063,0.0120481927710843
"North and North East Lincolnshire",-0.00109529025191676,0.0102040816326531,0.0290758047767394,0.0126126126126126,0.0153787004998078,0.0120946538124452,0.00826167593997639,0.00403616402970617,0.0140157480314961,0.00883545770567787,0.000415973377703827,0.00206185567010309,0.00755847119224187,-0.00540067143482703,-0.0014585764294049,0.0130992196209588,0.00147512404452193,-0.00343980343980344,0.00132514154921094,0.00739542408134967,0.00707843361114282
"North and West Norfolk",0.0174005681818182,0.0109701748371615,0.0123818833496253,0.0050298648223829,0.0149075730471079,0.0155807365439093,0.0183741648106904,0.0170077066170609,0.00858585858585859,0,0.00568720379146919,0.00598802395209581,-0.000233045910044279,0.00919282511210762,-0.00170940170940171,-0.00206568890725057,0.000199760287654814,0.0130563798219585,-0.000381024957134692,0.00598019061857597,0.00796148861321977
"North Hampshire",-0.00203031943692474,0.00487034355666711,0.00183531139116603,0.00688468158347676,0.0030078418734558,0.00889121338912134,0.00407595188388508,0.00492797573919636,0.00551622690079985,0.0035430349118562,0.00912362936302001,0.00379202831381141,-0.00152439024390244,-0.00498015718621119,0,0.00353076812220781,0.00309041253413828,-0.0006318449873631,0.00415276737694874,0.00250825082508251,0.00429428481212504
"North Lanarkshire",0.00703883495145631,0.0111851499286054,0.0204503676470588,0.00740095777100566,0.0110508757297748,0.0146563675975441,0.0232558139534884,0.00319715808170515,0.00874831763122476,0.0120621282220753,-0.000313234142521535,0.00546448087431694,0.00157554750275721,0.00305296901236452,0.00250885478158205,0.0202750602580462,0.00722983257229833,0.0200451014783262,0.022022143813116,0.00583390528483185,0.0139462233627134
"North Northamptonshire",0.00957290132547865,0.000238379022646007,0.00888180368936461,0.00469903781606623,0.00923685946778095,0.01279141737157,0.00897487036298365,0.0085057026870288,0.00255941499085923,0.0138720305184671,0.00671028350947828,0.0116542007305618,0.00115018074268814,0.0059026069847516,0.00627746390458255,0.00193222354340071,0,0.0105682130112545,0.00704225352112676,0.00116234017822549,0.00109236557834689
"North Nottinghamshire",0.00498624484181568,0.0086035737921906,0.0147703294919656,0.0123907863383638,0.0145631067961165,0.0124323533713617,0.0128401953942777,0.00533546752034147,0.0176957352005092,0.00970754485131482,0.00638631160380769,0.0157790927021696,-0.00237925291458482,0.00355219433940644,-0.00889877641824249,0.00262438490978677,-0.000741839762611276,0.00754210145676206,0.0010944184658243,0.0106217111674138,0.0111538101040397
"North Yorkshire CC",0.000119875329657157,0.00864485981308411,0.018450184501845,0.00341916871460626,0.00900989129370287,0.0177810705686238,0.00912670007158196,0.013917704011065,0.00777859657741751,0.00715396578538103,0.0092045716038966,-0.000314985431923774,-0.00163347853142502,0.00564342466770624,0.0024221961244862,-0.00176404177250917,-0.000547832637129357,0.00690441077892479,0.0138417173982698,0.00331845058525401,0.00555058191584602
"Northumberland",0.000572737686139748,0.00906002265005663,0.0130664442591048,0.0156502968159741,0.0187781672508763,0.0219594594594595,0.00928442028985507,0.0118343195266272,-0.00103799045048786,0.00831980519480519,0.00668633235004916,0.0070635721493441,-0.00740019474196689,0.00114003420102603,0.000556689552792726,-0.00654450261780105,0.000361925443358668,0.00849707912904939,-0.000171438367906738,-0.00650216738912971,0.00835791543756145
"Norwich and East Norfolk",0.0214160839160839,0.0132380752258878,0.0154028436018957,0.00660128253489249,0.0166965888689408,0.0178177498727304,0.0214042484190044,0.0196260237984856,0.00932203389830509,0.000411748558880044,0.00674068199841396,0.00742380828340714,0.00203743792181332,0.00885066068312142,0.00404376784015224,0,0.00668346663744933,0.00898852068442712,0.00925039872408293,0.00397574793758076,0.0170043783728745
"Nottingham",0.00721054800164812,0.0138039834352199,0.0270585945104146,0.0200294009555311,0.0220639332870049,0.0193370165745856,0.0199434439648757,0.00802026171380329,0.0258517831101684,0.014544074870368,0.00834970530451866,0.0221145483911045,-0.00488153351589475,0.00352994762013209,-0.00217084554433952,0.0120240480961924,0.00388833499501496,0.0101701545081166,0.00548618993567915,0.00850755724499955,0.014578302477417
"Orkney Islands",0.0255591054313099,0.027027027027027,0.0342857142857143,-0.00539083557951483,0.0424403183023873,0.0532687651331719,0.0487804878048781,0.00404858299595142,0.0391389432485323,0.0093984962406015,0.0320284697508897,0.0104529616724739,0.0253378378378378,0.00478468899521531,-0.0302066772655008,-0.00836120401337793,0.0717781402936378,-0.00949367088607595,-0.056,-0.0384615384615385,-0.00809061488673139
"Oxfordshire",0.004422144740199,0.016220600162206,0.0198050440971685,0.0152349347612942,0.0112104441606357,0.00944478175807866,0.0111022470416168,0.00935709739019733,0.0177311491502546,0.0188946622579121,0.00935888814167227,0.0127381225613955,-0.00230528569076239,0.00100523781810486,0.00161453077699294,0.00732953997492526,0.00639298598109503,0.00214836899333567,0.00768491834774256,0.00944936002061678,0.0144730890999548
"Perth and Kinross and Stirling",0.00632744529396256,0.0167153091005572,0.014088181581007,0.00976953907815631,0.0174404902191845,0.00923076923076923,0.0191906549853984,0.0139544025157233,0.00959102424900471,0.00548696844993141,0.00360144057623049,-0.00236047883999326,-0.00256893303647885,0.00166002656042497,0.00973312401883831,0.00499265785609398,-0.00127986348122867,-0.00055363321799308,0.00553556601162469,0.00465921192758253,0.0104802334836827
"Peterborough",0.0154686078252957,0.00970017636684303,0.0114810562571757,0.00518417462482947,0.0126382306477093,0.0137054572638923,0.0159325210871603,0.0142159983025674,0.00651015979483133,0.000559597090095132,0.0049121481201587,0.00750659362953946,0.00331384015594542,0.00149672591206735,0.00232808022922636,0.00241860465116279,-0.00137504297009282,0.018809318377912,0.0154863687691563,0.00677710843373494,0.000659195781147001
"Plymouth",0.0107130900569133,0.0108005082592122,0.0122295390404516,0.0143497757847534,0.016,0.0392789884315308,0.0160414610069102,0.019702066314272,0.00652125028108837,0.00551876379690949,0.00847457627118644,0.021143473570658,0.00782375952233889,0.00972608177848353,0.0172645309802417,0.00203741433598815,0.00679542203147353,0.0117112392938298,0.00389105058365759,-0.00326957658983162,0.0118689666086406
"Portsmouth",-0.010221465076661,0.004614370468029,0.00125352554058289,0.0125448028673835,0.0134228187919463,0.0227272727272727,0.0152385710716962,0.0120681495504023,0.0167990919409762,0.011518771331058,0.0248371335504886,0.00594384095101455,-0.00650759219088937,-0.00115429011158138,-0.00360815442900956,0.0159142016952084,-0.0116978609625668,0.00217500418270035,0.0154199475065617,0.00339035290491601,0.0129479072568503
"Powys",0.012448132780083,0.0260695187165775,0.0258186397984887,0.00850030358227079,0.0255368543238537,0.0145161290322581,0.0195473251028807,-0.00202429149797571,0.0247813411078717,0.00188146754468485,0.0168674698795181,0.000974658869395711,0.00946073793755913,0.011384335154827,-0.00619743249225321,-0.00555081127241674,0.0190950601909506,0.0131317150815758,-0.00503875968992248,0.00546234880998829,0.00455062571103527
"Redbridge and Waltham Forest",0.0113507377979569,0.00963597430406852,0.00890106128038343,0.0118909991742362,0.0153894472361809,0.0190884877182598,0.0123961121284688,0.018123238018526,-0.00314544539506794,0.0034713909504429,0.00492137798583603,0.00181629475869227,0.012590376464722,0.0246364619637063,-0.00277438686050383,0.0032123353678124,-0.00234263597474027,0.00420650095602294,0.0108441619145555,0.0031496062992126,0.0114233907524932
"Sandwell",0.00597800095648015,0.00258884443398447,0.0112018669778296,0.00779816513761468,0.0149647887323944,0.0132547864506627,0.0139258652467745,0.0049563838223632,0.00585347432024169,0.00785340314136126,0.00534660766961652,0.00866126906420636,-0.00496963003865268,0.000549551199853453,0.00580025376110205,0.017531556802244,0.0146287168071235,0.00471698113207547,0.00100908173562059,0.0115679442508711,0.00275735294117647
"Scottish Borders",0.00485773768216516,0.0103806228373702,0.0234113712374582,0.00962772785622593,0.0104422604422604,0.0159952606635071,0.0241240666283745,0.00821467688937568,0.0040920716112532,0.0100603621730382,0.000483792936623125,0.00297914597815293,0.00583941605839416,-0.00887021475256769,0.0027359781121751,0.0125868055555556,0.0109356014580802,0.00633663366336634,0,0.00882917466410749,-0.00109609061015711
"Sefton",0.0212601468882876,0.00433526011560694,0.0147523709167545,0.0398274145370063,0.0192367359602854,0.0120058565153734,0.0198768197088466,0.0193936083037421,0.0102695763799743,0.0184856925804001,0.0162042720353548,0.00268489138393947,-0.02000470698988,-0.0106888361045131,0.0117901828681424,-0.00212765957446809,0.00956937799043062,0.00596685082872928,0.0121431614827439,-0.00289256198347107,0.0132770066385033
"Sheffield",0.00374947923899458,0.0144290229490175,0.0302392847751775,0.0223798459092577,0.0160867084997148,0.0186328790459966,0.0072463768115942,0.0269071270132125,0.0184947811756089,0.00137350845566143,0.019865231469327,0.00087627059235892,0.0129759262421035,0.00983364746373843,-0.00128814105144513,0.00746210649047804,0.00543560320096633,0.0131308685446009,0.00377194255041346,0.000924806146403927,0.0131255702955008
"Shetland Islands",0.0166666666666667,0.00229885057471264,0.0301624129930394,0.00441501103752759,0.03470715835141,0.0143149284253579,0.0170454545454545,0.0107334525939177,0.00336700336700337,0.0133111480865225,0.00465116279069767,0,-0.00285714285714286,-0.0144546649145861,0.00258397932816537,0.00988875154511743,0.0046189376443418,0.0110429447852761,0.023989898989899,0.0107398568019093,-0.00120192307692308
"Shropshire CC",0.005,0.0110796186549858,0.0152233591215373,0.013915547024952,0.0182555780933063,0.00920573752943695,0.0137351373513735,0.0104187143699626,0.00641388417279759,0.00995758805089434,0.0101665205959684,-0.00311983850247752,-0.00195799216803133,0.00477571209278526,0.0020063534525999,-0.0054688756635033,-0.000769704433497537,0.00363141171130277,0.00103321033210332,0.0111191335740072,0.00251361541684122
"Solihull",0.00411522633744856,0.00212675457252233,0.00687285223367698,0.00502221363724165,0.0094553706505295,0.00856257970486427,0.00907957984689336,0.00274442538593482,0.0049842166472836,0.00591810620601408,0.0037001287001287,0.0106547516755456,0.0034607519270096,-0.00242718446601942,-0.000592504814101615,0.00386985810520281,0.0101515971846237,0.00873574375151662,0.00256876806165043,0.00818843509906996,-0.000924385283786282
"Somerset",0.00520416333066453,0.00727069351230425,0.00987132028908867,0.0124977996831544,0.00952542949481204,0.0111238344511696,0.0311856894095298,0.017814371257485,0.00831183720263686,0.0145842097882485,0.00977930487643716,0.00165722966441099,0.00487483530961792,0.00809082604723999,0.0096361100545201,0.00395256916996047,0.00628185373948086,0.00165758939142789,0.00981637602494514,0.00394174969889412,0.0135703766042499
"South and West Derbyshire",0.00361180904522613,0.00472849298352654,0.0118325242718447,0.0085672082717873,0.0120362503540074,0.00880520184231915,0.014398754702296,0.0057373046875,0.0131139723414402,0.00850518466736572,0.00677583286278938,0.0185891325071497,0.0084726867335563,0.00286928799149841,-0.019755600814664,-0.00242530073729142,-0.00479638860152356,0.00667903525046382,0.00441228379809389,0.00610660385588415,0.00184470903907429
"South Ayrshire",0.00775193798449612,0.010718789407314,0.0194460813199764,0.00908059023836549,0.0119825708061002,0.0151991614255765,0.0237037037037037,0.00470145745181006,0.00931263858093126,0.0142729705619982,0.00043010752688172,0.00477430555555556,-0.00167926112510495,-0.0073679901760131,-0.000414250207125104,0.00328272466146902,0.00510003923107101,0.0160919540229885,0.000375657400450789,0.00538793103448276,-0.00593782745371987
"South Hampshire",-0.00435323383084577,0.00550879877582249,0.00174672489082969,0.0053072625698324,0.00587763825808175,0.0125375473423012,0.00823867182623892,0.00631930368427328,0.0096,0.00823451910408432,0.0137391671950962,0.00813713789736357,0.00447063604958342,-0.0022428083861531,0.00197702880813406,0.00960395133997988,-0.00359989714579583,0.00194256756756757,0.00656348756178592,0.00126272590955726,0.0066939675539455
"South Lanarkshire",0.00704934541792548,0.00938503334156582,0.0147342995169082,0.00626014375144911,0.00998003992015968,0.0113255033557047,0.0207336523125997,0.00224131490474412,0.00928473177441541,0.0094658553076403,0.000642054574638844,0.00293733681462141,0.0126726238830219,0.00158403294788532,0,-0.0102279368790181,0.00409257691222128,0.00386847195357834,0.00858193706579485,0.00878666494379119,0.00572373441872297
"South Nottinghamshire",0.00464756003098373,0.00346620450606586,0.0129616043042309,0.00827814569536424,0.011441647597254,0.0113434163701068,0.0146093584586068,0.00581395348837209,0.0145761411584196,0.00864924549135076,0.00625558534405719,0.00765724703737466,-0.00722976547346147,0.00994854202401372,-0.0022793878215565,-0.000469924812030075,0.0142392818449156,0.00867484295542926,0.00347423277359583,-0.000988002822865208,0.00492152168129822
"South Teesside",0.0143839899937461,0.0102781136638452,0.0102639296187683,0.0118413262285376,0.011454753722795,0.0185038329368226,0.0197368421052632,0.0125755743651753,0.0166898470097357,0.011577752553916,0.0119747441759199,0.00456422516844164,0.00450353849453142,0.0117474302496329,-0.00165084605860504,0.0103092783505155,0.00259584664536741,0.0128648233486943,0.0109786106378951,0.0108282674772036,0.00483957698512278
"South West Wales",0.0120336943441637,0.00818488204140587,0.019047619047619,0.0241652021089631,0.017728999577881,0.0205371248025276,0.012933357283995,0.00458230525202679,0.00829103214890017,0.00937449490867949,0.00627009646302251,0.00804106073567151,0.00528750826173166,0.00975219824140687,0.0102446483180428,0.00288975581563358,0,0.0170578427600359,0.0037248572138068,-0.00480236424085704,0.00790513833992095
"Southampton",-0.00488599348534202,0.00789545330792268,0.00609917793688677,0.0216670915115983,0.00892857142857143,0.0225235075442817,0.00973630831643002,0.0108426859425528,0.0133920381581361,0.00493197278911565,0.0238532110091743,0.00643500643500643,0.00861936278282284,0.00408520571928801,0.00761958515591929,0.00110344827586207,0.000809388911371914,0.00270235490927809,0.00678221552373775,0.0035650623885918,0.00883128799174217
"Southend-on-Sea",0.010894495412844,0.00992829564258136,0.0174418604651163,0.0114200595829196,0.0194312796208531,0.0200610553859573,0.012884455527847,0.0214227970897332,0.00682852807283763,0.0150128158183815,0.0185449358059914,-0.0039313795568263,0.00104202848211184,0.00441726129799524,0.00164473684210526,0.00259151279559443,0.013300340241262,0.00632720699005725,0.0146541617819461,0.00444567935537649,0.0177383592017738
"Staffordshire CC",0.00480181595949013,0.00778443113772455,0.0118600183746764,0.0111749939266337,0.0126707884894283,0.00682395644283122,0.00959348471254055,0.00751479683447496,0.00518964633521271,0.0077850326469111,0.00750923514806516,0.002819247773435,0.00200742137599611,0.00279541086715975,0.00178386465646219,0.00277161862527716,-0.0019914957747995,0.00338374775698539,-0.0018376874937916,0.00874818753020783,0.00452937013446568
"Stoke-on-Trent",0.00374414976599064,0.0132675100277692,0.0165912518853695,0.015307624374448,0.0212527964205817,0.0108695652173913,0.0146511050409734,0.0135649690623513,0.0067842605156038,0.0107621348561388,0.0108085637081688,0.00742942050520059,0.000205930807248764,-0.0015720180782079,0.0158366723907651,-0.00598693759071118,0.00821135308818279,0.0225919439579685,0.0144022210654173,0.0195672923958002,0.00372467222884386
"Suffolk",0.0172479512102154,0.0113521926210748,0.013971358714635,0.00596488280265479,0.0107457898957498,0.0146152089518155,0.0173312770801204,0.0167789850089396,0.00726875080406535,0.000558624542238222,0.00627808210746599,0.00681689074039008,-0.000799852334953547,-0.00113412523130186,0.00813477182253505,-0.00207934336525308,0.000105407399599452,0.00472506360662547,0.000592534070709066,0.00826406802331136,0.00698376745941865
"Sunderland",0.00100959111559818,0.00767852572306117,0.0111275964391691,0.0151014629542237,0.0185670598514635,0.0219069476319633,0.00806451612903226,0.013203741059967,-0.00156304272316777,0.00702295306611853,0.00712864721485411,0.00396432111000991,0.00938271604938272,0.000646412411118293,0.00725208891691629,0.00460431654676259,-0.000690894016857814,0.00475672737156836,0.00942633988688392,0.0246241575946086,0.00965638324554803
"Swansea",0.0126538987688098,0.00941176470588235,0.0261966364812419,0.0279141104294479,0.0245040840140023,0.027027027027027,0.0144157814871017,0.00762449368596617,0.0122755171629916,0.012216404886562,0.00853242320819113,0.00773029847541336,0.00662393162393162,-0.00471311475409836,0.0112404656764352,0.0114474194800155,-0.00451019303626195,0.0167181537343267,0.0136347946151191,0.00417990302624979,0.00972731621750917
"Swindon",0.00619692448932752,0.00838666960935776,0.00826972010178117,0.0107149814923047,0.00884140725732179,0.00833900612661675,0.0014686684073107,0.00693695082472638,0.00496524329692155,0.00827943078913325,0.00245941957697983,0.0013468838006612,0.0024265954865324,0.000122294239941299,0.00329791132282887,0.00566772936592278,-0.00339354132457581,0.00447171381031614,0.000513294322964788,0.00133855024711697,-0.00216578066548533
"Telford and Wrekin",0.00699572483482316,0.0109848484848485,0.0126771066368382,0.0131252217098262,0.016359918200409,0.00614687803299903,0.0107958050586058,0.00687182551538691,0.00929692039511912,0.00983698707138842,0.00899918189255522,0.00199203187250996,-0.0104452996151732,-0.00708475465757019,0.0142384947876939,0.0105160185864515,0.000236462520690471,0.00702082845775802,-0.00021362956633198,0.00867410161090459,0.00495245641838352
"Thurrock",0.00445885691122821,0.0024559967253377,0.00532350532350532,0.00428682774746687,0.00770416024653313,0.00644067796610169,0.00392670157068063,0.0059710873664362,0.00303859009419629,0.00560968408621199,0.00753841693244419,0.00384047267355982,-0.00141003948110547,0.0041031652989449,0.00891364902506964,0.00196463654223969,0.00650533437418683,0.0085721283370071,0.0045119924008549,0.000637484062898428,0.014552162328346
"Torbay",0.0102564102564103,0.0117241379310345,0.0128205128205128,0.0155945419103314,0.01671826625387,0.0417156286721504,0.0148698884758364,0.0193581253183902,0.00531144374698213,0.00661000944287063,0.0106530801296897,0.0130497825036249,-0.00233754090696587,-0.00185185185185185,0.019672131147541,-0.000896860986547085,0.00263852242744063,0.00217296827466319,-0.00171673819742489,-0.0152736529486636,0.012063765618268
"Tower Hamlets",0.00644468313641246,0.00392086972019248,0.00665135798558872,0.00483393107749883,0.00926879505664264,0.00351398837680768,0.00748512178661268,0.00237760726250946,0.00123762376237624,0.000345035797463987,0.00395158271286552,0.00905906510448122,0.00340175953079179,0.00495437696036498,-0.000180005040141124,0.00467812468219262,0.00600464876033058,0.00561427720101622,0.00819064011633083,0.0117429100755309,0.00826046087674823
"Tyneside",0.00148653375306051,0.0115191408279924,0.016864828400371,0.0196577795463589,0.0244118297809573,0.0292631578947368,0.009000259000259,0.0183694784051115,-0.00139876442475813,0.0109124150145689,0.00803912750168653,0.0156286177355869,0.0082699672531498,0.00287050818626409,-0.00557966522008679,-0.00374668262475933,0.00398145348251184,0.00266938458551738,0.00352625887441817,-4.54111984015258e-05,0.00827518339595634
"Wakefield",0.0118152524167562,0.0016323199347072,0.0192345825897283,0.00899177348383394,0.0191811139800812,0.0199684708355229,0.0137591302870732,0.0050595723845275,0.00328792860497886,0.00639658848614072,0.017129977460556,0.00592075299833004,-0.00335980452046426,0.00609121972960927,0.00699900014283674,0.00328722092863991,0.0104861773117255,0.000388450084164185,-0.00883110511468171,0.0155785467951005,0.00947119179163378
"Walsall",0.00764119601328904,0.00451612903225806,0.0139904610492846,0.00963630711843332,0.018970189701897,0.0174684994272623,0.0178326474622771,0.00527843758247559,0.00851393188854489,0.0117558779389695,0.0061576354679803,0.00937744204219849,0.015888778550149,-0.000924428010168708,0.000226244343891403,-0.000425350914504466,0.0151993683379392,0.00812536273940801,0.00204309063893016,0.00144482571789778,0.00616724106656993
"Wandsworth",0.0189086980010805,0.0114087301587302,0.020060648472125,0.0161112337232399,0.0263880092885793,0.0125837223462553,0.0245853658536585,0.0119025819446988,0.00541673947230474,0.0025756600128783,0.0164011246485473,0.00342130987292278,0.0211790738106528,0.031655110039192,0.00407131826477608,0.0216444503101491,0.0179648086624831,0.000802476212312278,0.00755610691327394,0.00825025782055689,0.0183579231895484
"Warrington",0.00967022067939499,0.0115802171290712,0.0140391254315305,-0.00063304494619118,0.0101461038961039,0.00801720766523269,0.00532218209465881,0.00377765785213168,0.00749829584185412,0.00097165991902834,0.0132137030995106,0.010554988083078,-0.005783212161269,0.00612606803159761,-0.00125411506505722,0.00711005776921938,0.00531989360212796,0.00410432940553422,0.00853068500127324,0.000235904694503421,0.00523560209424084
"Warwickshire",0.00362916529198284,0.0059262286706856,0.00726558664702995,0.0014540519581233,0.00755808528506112,0.0123445904241249,0.00906472382243307,0.00555645031406024,0.00272067714631197,0.00698002524689983,0.0069774133218242,0.00411337970234089,0.00654385091400526,0.00270142500168839,-0.00179636876884583,0.00129992909477665,-0.00189098998887653,0.00263462957108231,0.00509554140127389,0.00567526415355511,0.00401660799711165
"West Cumbria",0.00117474302496329,0.011568848758465,0.000907715582450832,0.016840171463564,0.0107122177185871,0.00850013709898547,0.0132325141776938,0.0111646790154783,0.0129259694477086,-0.00600323250981298,0.0108858057630736,0.00671431665583712,0,-0.00434512725015518,0.00426049908703591,0.0037037037037037,0.00164865359956036,0.00498841973988954,0.00324968405849431,0.00644468313641246,0.00714908456843941
"West Essex",0.00770833333333333,0.00559105431309904,0.0101493680582152,0.00814774579033134,0.0130203871851979,0.0072463768115942,0.00352274467759228,0.0129233511586453,0.00546677880571909,0.00673219334859297,0.00761828388131516,0.00333240766453763,-0.00276315789473684,0.00657375755982119,-0.00355871886120996,0.000128932439401753,0.00236671649227703,0.00617571661617339,0.00848287112561175,0.00484936029715229,0.00577039886616724
"West Kent",-0.000161498708010336,0.00342625759227535,0.00854440036618859,0.00853820108935669,0.00938032973280273,0.00841819416157502,0.00270967741935484,0.0106268656716418,0.00807847663012118,0.00904977375565611,0.0030821553831438,0.00615655233069481,0.00283226686247771,-0.00967774119525092,-0.000389029371717565,0.00734064300315926,0.00489219061424171,0.000427972267397073,0.000798594473726242,0.00483016516048613,0.00678395705978828
"West Lothian",0.00420168067226891,0.0114362596703666,0.00925925925925926,0.00741935483870968,0.0116707616707617,0.0065845977669625,0.0123390557939914,0.0102875230809813,0.00670474298485225,0.00424528301886792,0.00269420745397396,-0.00447479981158738,0.0072234762979684,0.000660356592559982,0.00253397834600322,0.0016374269005848,0.0104421239724506,0.00731758310683671,0.0141277641277641,0.0110519044799684,0.00863849765258216
"West Northamptonshire",0.00973393900064893,0.00222752585521082,0.00981120856250929,0.00548261434136488,0.00993562832353764,0.0144096064042695,0.00996677740863787,0.0102028422203328,0.00333333333333333,0.0146168302359574,0.00688309019930142,0.00918593601520431,0.00623805211791931,-0.00433241433635289,0.0114613180515759,-0.0038282745419743,0.00173175166681098,0.0117845117845118,-0.000162192847295434,0.0078996282527881,0.00331956329300679
"West Surrey",0.00248400919083401,0.011550963547713,0.0102634467618002,0.00563799797883091,0.00776236803974332,0.00625031251562578,0.0109121158739479,0.0151564919525128,0.004317864619679,0.00900405816706121,0.00847011144883485,-0.000451356119978663,0.00181237933887554,0.000386548125241593,-0.00845903357412883,0.00169357163447679,0.00807105227610428,0.00285399234611144,0.00624064698952463,-0.00328071804394924,0.00715595778586247
"West Sussex (North East)",0.00203389830508475,0.00737163192679207,0.0086143243908442,0.00574221136224801,0.00522041763341067,0.00540966978474022,0.00748854364591483,0.010038188761593,0.00429711479435236,0.00970302852102323,0.005721140537049,0.00277591653106155,0.000544118980683776,-0.0022063365987115,0.00502556104323715,-0.000254172667965771,0.00972699035474906,0.00632033297363959,0.00435424354243542,0.00100286532951289,0.00862544852332321
"West Sussex (South West)",-0.000519210799584631,0.0165196471531676,0.0159582630044499,0.00761990138951143,0.0142053445850914,0.0100441944556047,0.0139952468972802,0.0206861107542079,0.00426985482493595,0.0179164689131467,0.0149791643203063,0.00642748626855206,0.00133288903698767,0.00108554059921841,-0.0155817529472066,-0.0150689005650838,0.0103901195843952,0.0126867775585001,0.0146011396011396,0.00418585182084554,0.0142145249571113
"Westminster",0.0126053554113523,0.00434645448491009,0.00841384605540981,0.00663092987946581,0.0157279042492407,0.00316747293250403,0.0184388953199934,0.000403357954975168,-0.000313117202177369,-0.00203782018975831,0.00794808379309616,0.0038390630083505,0.00495626822157434,0.0100119093276276,0.0122671076159895,0.00333023966806792,0.0082533718043347,0.0074768553522523,0.00490435715074196,0.0130009862817179,0.00783794070795213
"Wiltshire",0.00982919755075733,0.0127339674746855,0.0120111322689322,0.0163510014988418,0.013548723293382,0.0128878878878879,0.00119947223221782,0.0105654243585278,0.0074424898511502,0.0165464573610522,0.00606496710526316,0.00787980668207607,-0.000996214385335724,0.00474760197655266,0.0163676715368966,0.0028630222778921,0.00143326869572549,0.00577690935349588,-0.000247320692497939,0.00736058884710777,0.00515146855297555
"Wirral",0.0147686248769281,0.00609756097560976,0.0127862027951234,0.0301833568406206,0.0188829787234043,0.0104451628948023,0.0129411764705882,0.0153452685421995,0.00764525993883792,0.015510555794916,0.0117252931323283,0.0131304710295957,-0.00805315079524864,0.0160873882820258,-0.0043358297201419,0.00923432089265102,0.0142381656804734,-0.00540917815389984,0.0248817241983529,-0.00452792218681872,0.00836260244187991
"Wolverhampton",0.0156643356643357,0.00402036987402841,0.022483660130719,0.0155388471177945,0.02647412755716,0.0290023201856148,0.0216766202167662,0.00886262924667651,0.00223078483066315,0.00513529527947857,0.0153301886792453,0.0148827726809378,0.0169358014966522,-0.000563168762905951,0,-0.054399415845199,-0.0323434840174012,0.0117742590336987,0.0221153846153846,0.0182149362477231,0.00815972222222222
"Worcestershire",0.00531156885606944,0.00741564701520208,0.010178719375074,0.00325165486006271,0.0103011093502377,0.0166311300639659,0.0137924091412463,0.0054703526423757,0.00175147492625369,0.00860096989660536,0.00960690992420236,0.00695573622402891,0.00217618384401114,0.00475059382422803,0.00338305397508842,-0.000594265339474075,0.00325318246110325,0.00474977627865354,0.0134730538922156,0.0054871434951828,0.0033210332103321
"York",0.00563296768455381,0.00827625570776256,0.0249796361661689,0.003584229390681,0.0132356416922713,0.0205661211853162,0.0110837438423645,0.0164878823996822,0.0110388330376503,0.00410141685309471,0.0110486891385768,0.00525803310613437,-0.000187195806813927,0.00430338891877353,0.0192307692307692,0.00203596878181201,-0.00115245307869608,-0.0026152337365152,0.0125195618153365,0.0230456394035246,0.0170454545454545
